icao,"name",lat,lon,runways,ils,elev_ft_AMSL
01MN,"[s] Barnes",47.89963777,-92.55738945,0,0,1358
03M,"[s] Lakeside Marina",44.32090194,-69.88949306,0,0,165
05B,"[s] Van Buren",47.15893194,-67.93196834,0,0,440
08MN,"[s] Christenson Point",47.66937388,-93.05444445,0,0,1372
09Y,"[s] Wipline",44.81663305,-93.01549139,0,0,687
0FD6,"[s] Fulton",27.90752222,-80.48644112,0,0,0
0G5,"[s] Grand Marais Cook County",47.81655722,-90.38343889,0,0,1635
0MI5,"[s] Grognet Flying Service",47.11659388,-88.53345556,0,0,603
0MN0,"[s] Winners Landing",44.79691111,-92.98410084,0,0,690
0MN2,"[s] Grindstone Lake",46.13328194,-93.00298223,0,0,1025
0MN4,"[s] Pauls",46.47718944,-94.30305501,0,0,1200
0O0,"[s] San Luis Reservoir Seaplane Base",37.07304747,-121.13499208,0,0,518
0TN1,"[s] Tims Ford",35.22230472,-86.21998834,0,0,785
0W0,"[s] Seattle Seaplanes",47.62759805,-122.33179362,0,0,14
0Z3,"[s] Shannons Pond",59.05897555,-158.57719001,0,0,80
10MA,"[s] Beaver Lake",42.26259222,-72.30702584,0,0,384
11MN,"[s] Sixberrys Landing",47.67770694,-93.04823917,0,0,1372
12MN,"[s] Eastman",46.48052277,-94.28110945,0,0,1200
13S,"[s] Lake Louise",62.28285527,-146.51886695,0,0,2362
13Z,"[s] Loring",55.60130583,-131.63668306,0,0,0
14MN,"[s] Lake Marion",44.6657975,-93.27716584,0,0,978
16MN,"[s] Valley News Co - Lake Washington",44.23996694,-93.86050917,0,0,1000
16WI,"[s] Lac Vieux Desert",46.12161861,-89.12096862,0,0,1690
16Z,"[s] Mc Grath",62.957985,-155.59317917,0,0,325
17MN,"[s] Kivi Mokki",46.71689138,-93.21022278,0,0,1224
19Y,"[s] Peterson",44.99996388,-93.41967445,0,0,820
1AL9,"[s] Lake Tuscaloosa",33.34777777,-87.60194445,0,0,224
1FD1,"[s] Halifax River",29.241925,-81.03311084,0,0,0
1IS9,"[s] Rods Fox Valley",42.0666925,-88.2834125,0,0,750
1MI0,"[s] Ashman Island",46.06863194,-83.72416973,0,0,581
1MN4,"[s] Krueger Loon Lake",46.62218111,-95.83643778,0,0,1370
1MN9,"[s] Lees",45.11663305,-93.01688473,0,0,910
1MU1,"[s] Lake Taney Como",36.66672805,-93.15434612,0,0,716
1O0,"[s] Lake Woahink",43.90416666,-124.11472223,0,0,39
1WI5,"[s] Beaver Dam Lake",43.5149875,-88.95260973,0,0,871
1Z9,"[s] Ellamar",60.89390777,-146.70369195,0,0,0
21MN,"[s] Amundson",44.92912944,-93.61745862,0,0,935
22MN,"[s] Eastmans Medicine Lake",44.99468611,-93.42606362,0,0,820
28MN,"[s] Vasa Park",44.96357388,-93.62245917,0,0,930
2MA6,"[s] Flynns Noquochoke",41.59361111,-71.06527778,0,0,1
2MA7,"[s] Falls Pond",41.9584325,-71.32644306,0,0,175
2MN5,"[s] Pelican Lake",48.05797166,-92.85600195,0,0,1288
2N7,"[s] Little Ferry",40.85009972,-74.03291778,0,0,0
2R3,"[s] Island Lake",60.70443611,-151.31140278,0,0,140
2Y3,"[s] Yakutat",59.5624775,-139.74109945,0,0,0
2Z1,"[s] Entrance Island",57.41215055,-133.43949889,0,0,0
2Z5,"[s] Chena River",64.83289944,-147.84825834,0,0,440
2Z6,"[s] False Island",57.53215444,-135.21345112,0,0,0
30W,"[s] Sweetwater Bay",44.95193305,-87.80843667,0,0,579
34MN,"[s] Peil Juliar",44.95996277,-93.64940473,0,0,627
38A,"[s] Shaktoolik Spb",64.37053247,-161.206816975,1,0,0
3FD9,"[s] Prairie Lake Private Res Sp Mooring Fa",28.65666444,-81.35340167,0,0,86
3LA2,"[s] Southern Natural Gas Co.",30.28075166,-89.95423751,0,0,0
3MD9,"[s] Havre De Grace",39.54150222,-76.06967167,0,0,0
3MI9,"[s] Ness Landing",45.90388888,-86.97027778,0,0,580
3S1,"[s] Wileys",45.4309525,-122.64953778,0,0,12
3TN2,"[s] Merian",35.82174,-84.61104778,0,0,740
3Z8,"[s] Golden Horn Lodge",59.74703944,-158.87472751,0,0,91
3Z9,"[s] Haines",59.23495111,-135.44071806,0,0,0
42FL,"[s] Plantation Key",24.97124194,-80.59561778,0,0,0
43FD,"[s] Coles",28.29111111,-81.38722223,0,0,70
44NJ,"[s] Highlands",40.36677611,-74.03291667,0,0,0
45D,"[s] Martys Tranquility Base",44.69996305,-93.47189556,0,0,911
48B,"[s] Girl Lake",46.9821775,-94.22580889,0,0,1323
4FD4,"[s] Bay Seaplanes",30.18492388,-85.74993084,0,0,0
4FD5,"[s] Grand Lagoon",30.134925,-85.73409667,0,0,0
4LA9,"[s] Hunter Air Service",29.53271666,-90.39341389,0,0,4
4MN1,"[s] Centerville Lake",45.1582975,-94.06692251,0,0,880
4NC9,"[s] Denver Of The East",35.49346805,-80.96563112,0,0,760
4NJ2,"[s] Passaic River",40.82926666,-74.12042056,0,0,0
4NY2,"[s] Edo",40.78343444,-73.86624639,0,0,0
4Z7,"[s] Hyder",55.90331972,-130.00670306,0,0,0
50MI,"[s] Burgess Lake",43.15725305,-85.29418917,0,0,799
51MI,"[s] Cass Lake-cove Island",42.61614361,-83.35604751,0,0,990
51Y,"[s] Namakan",48.40685027,-92.6668225,0,0,1119
52B,"[s] Greenville",45.46115722,-69.59783223,0,0,1028
52Z,"[s] Summit Lake",60.64108111,-149.49713445,0,0,1300
53LA,"[s] Shell Central Facilities",29.05717416,-89.30282806,0,0,0
54NJ,"[s] Highlands",40.41677527,-73.99958278,0,0,0
58NJ,"[s] Harrahs Landing",39.38622777,-74.42598223,0,0,17
5BL,"[s] Homer Beluga Lake",59.644397665,-151.503220735,0,0,16
5CA9,"[s] Konocti - Clear Lake",38.977675,-122.71776612,0,0,1326
5J2,"[s] Siltcoos Lake",43.86650805,-124.08455889,0,0,8
5KE,"[s] Ketchikan Harbor",55.35798638,-131.66835278,0,0,0
5L6,"[s] Wasilla Lake",61.58640611,-149.40749917,0,0,330
5LA6,"[s] E-8 Tank Battery",28.95023611,-89.38782612,0,0,0
5MA8,"[s] South Pond",42.00870666,-72.76259445,0,0,225
5N6,"[s] Ridgefield Park",40.84593305,-74.02875084,0,0,0
5N9,"[s] Montauk",41.07176833,-71.93979195,0,0,0
5X3,"[s] Oak Harbor",28.12890583,-81.68785473,0,0,130
5Z1,"[s] Juneau Harbor",58.29967222,-134.43510473,0,0,0
5Z9,"[s] Lake Brooks",58.55484305,-155.77738751,0,0,36
60B,"[s] Moose River",45.63338,-70.26617862,0,0,1157
61FD,"[s] Chalks Key West",24.55861111,-81.81555556,0,0,0
62FD,"[s] Doctors Lake",30.12527777,-81.74416667,0,0,10
63A,"[s] Lloyd R. Roundtree Seaplane Facility",56.81131972,-132.96005667,0,0,0
68A,"[s] Wrangell",56.466325,-132.38001806,0,0,0
6FL5,"[s] Gulf Of Mexico",24.58042361,-81.75203501,0,0,0
6MA0,"[s] Lake Gardner",42.86147888,-70.94338834,0,0,87
6MA8,"[s] Acushnet River",41.64732611,-70.91753806,0,0,0
6MA9,"[s] Cuttyhunk Harbor",41.42316305,-70.92725723,0,0,0
6MD6,"[s] South River",38.91472222,-76.50472223,0,0,0
6MN4,"[s] North Center Lake",45.39718555,-92.83160278,0,0,900
6N6,"[s] Evers",40.84593361,-73.81624473,0,0,0
6N7,"[s] New York Skyports Inc",40.73399083,-73.97291639,0,0,0
6NJ7,"[s] Greenwood Lake",41.180095,-74.33431806,0,0,635
6NY6,"[s] Firemans White Lake",41.68425583,-74.83155223,0,0,1323
70B,"[s] Millinocket",45.72838111,-68.84448556,0,0,488
70MY,"[s] Loon Lane",44.60333333,-93.52222223,0,0,944
71C,"[s] Medos Lake Delton",43.60692416,-89.77762445,0,0,832
75B,"[s] Seven G S",44.49173166,-69.99116584,0,0,329
75PN,"[s] Beaver",40.68562138,-80.31006223,0,0,682
78B,"[s] Buckhorn Camps",45.65421416,-68.94948778,0,0,500
78U,"[s] Snake River",46.39988305,-117.05099112,0,0,735
78Z,"[s] Nancy Lake",61.68557277,-149.97445445,0,0,218
7K2,"[s] Skagway",59.44689527,-135.32266334,0,0,0
7N3,"[s] Sands Point",40.83760027,-73.71624167,0,0,0
7VA7,"[s] Brammer",37.03347583,-79.69975223,0,0,795
7W8,"[s] Irvington Marina",37.65763722,-76.43717028,0,0,0
7WI1,"[s] Little Clam Lake",46.15856416,-90.88434834,0,0,1456
7Y6,"[s] Baudette Flying Service",48.83192555,-94.70437889,0,0,1060
80B,"[s] Long Pond",44.43339888,-70.21616917,0,0,474
81W,"[s] Fishermans Bay Lps",48.51648916,-122.91795612,0,0,0
83B,"[s] Northern Maine Regional",46.70754166,-68.06114112,0,0,500
83FD,"[s] East Lake",28.32389861,-81.29284445,0,0,60
83Q,"[s] Port Of Poulsbo Marina Moorage",47.73398333,-122.64737028,0,0,0
85B,"[s] Shin Pond",46.10421444,-68.56198167,0,0,780
85VA,"[s] Lands End",37.85361111,-76.24666667,0,0,0
87B,"[s] Portage Lake Municipal",46.76254083,-68.47865445,0,0,609
89FD,"[s] Lake Hamilton",28.05890805,-81.63702084,0,0,118
8AK4,"[s] Scout Lake",60.53415361,-150.85221362,0,0,245
8IL7,"[s] Dutch Creek",42.37113222,-88.24703139,0,0,737
8IL9,"[s] Little Sister",41.20003638,-89.35008889,0,0,450
8K9,"[s] Murphys Pullout",55.38965027,-131.73807417,0,0,0
8MN0,"[s] Lake Zumbro",44.2016325,-92.48351528,0,0,920
8NA1,"[s] Deep River",48.6227875,-100.78291973,0,0,1420
8X0,"[s] Lake Gibson",28.10862861,-81.9586925,0,0,143
91FL,"[s] Lake Conway North",28.47917055,-81.36756973,0,0,80
94D,"[s] Wells",42.84979861,-73.90484556,0,0,210
96M,"[s] Moberg Air Base",47.49967388,-94.94528,0,0,1370
96WI,"[s] Vette Blust",43.94448300,-88.49444100,0,0,750
96Z,"[s] North Whale",56.11631055,-133.12171528,0,0,0
98FD,"[s] Lake Jessup",28.71693972,-81.23312,0,0,32
98FL,"[s] Sand Lake",28.43361722,-81.49146112,0,0,90
99Z,"[s] Finger Lake",61.60890555,-149.29083667,0,0,337
9C0,"[s] Peninsula Point Pullout",55.38465055,-131.73835223,0,0,0
9FD0,"[s] Sage Seadrome",27.9455775,-81.40340556,0,0,53
9M0,"[s] North Country",47.01493611,-92.16824167,0,0,1370
9MN3,"[s] Fountain Lake",45.03468527,-93.89219112,0,0,932
9MN8,"[s] Whiskey Lake",45.97305555,-95.57611112,0,0,1354
9N2,"[s] Philadelphia",39.85900166,-75.29963084,0,0,0
9X6,"[s] Flying Bonefish",24.76847222,-80.94618139,0,0,0
9Y5,"[s] Sky Harbor",47.45964944,-92.47657278,0,0,1376
9Y6,"[s] Waldref",45.29024444,-92.95438389,0,0,902
9Z3,"[s] Kodiak Lily Lake",57.80258388,-152.38273167,0,0,130
9Z4,"[s] Inner Harbor",57.78786027,-152.39995612,0,0,0
AK16,"[s] Port Alice",55.78490527,-133.59422362,0,0,0
AK19,"[s] Port Protection",56.32880416,-133.61008445,0,0,0
AK27,"[s] Seldovia",59.43410527,-151.70766112,0,0,0
AK29,"[s] Sitka",57.05213777,-135.34620862,0,0,0
AK34,"[s] Kashwitna Lake",61.83530305,-150.07973834,0,0,186
AK36,"[s] Squaw Harbor",55.23333916,-160.55202639,0,0,0
AK43,"[s] Taku Harbor",58.06911388,-134.01535639,0,0,0
AK51,"[s] Tazlina Smokey Lake",62.0634,-146.44941139,0,0,2407
AK56,"[s] Tikchik Lodge",59.96316027,-158.47723501,0,0,304
AK57,"[s] New Tokeen",55.93713333,-133.32672139,0,0,0
AK58,"[s] Tolsona Lake",62.11341138,-146.04106667,0,0,2000
AK62,"[s] Nichin Cove",55.84964277,-133.2278275,0,0,0
AK8,"[s] Christiansen Lake Spb",62.31523664,-150.06918719,0,0,397
AK81,"[s] Amook Bay",57.47149361,-153.81536056,0,0,0
AK84,"[s] Meyers Chuck",55.73963611,-132.25501834,0,0,0
AL46,"[s] Shoals Creek",34.902585,-87.58724778,0,0,510
ALZ,"[s] Alitak",56.89948722,-154.24784667,0,0,0
AQS,"[s] Saqani",-16.47378726,179.71299268,0,0,0
B18,"[s] Alton Bay",43.47758333,-71.237,0,0,504
BNF,"[s] Warm Spring Bay",57.08882583,-134.83314139,0,0,0
BQV,"[s] Bartlett Cove",58.45520777,-135.88517,0,0,0
BXL,"[s] Blue Lagoon",-16.96223157,177.37200922,0,0,0
C39,"[s] Folsom Lake Seaplane Base",38.71510516,-121.12961672,0,0,426
C54,"[s] Couillard",40.775,-75.14138889,0,0,210
CA2E,"[s] Elk Rapids",54.62219800,-129.90423200,0,0,0
CA2S,"[s] Sockeye River",54.66610000,-129.78555500,0,0,160
CAA9,"[s] Sproat Lake Mars Base",49.29155569,-124.93071760,0,0,111
CAML,"[s] Milla Lake",49.554395,-125.3913435,0,0,4286
CAN6,"[s] Digby Island",54.316371,-130.411213,0,0,0
CAN8,"[s] Port Simpson",54.56005800,-130.43509200,0,0,0
CGA,"[s] Craig",55.47883138,-133.14780112,0,0,0
CJB7,"[s] Buffalo Narrows Water Aerodrome",55.842676,-108.4702905,0,0,0
CJD9,"[s] Ignace Seaplane",49.41332776,-91.67558815,0,0,0
CJX8,"[s] Hatchet Lake Water Aerodrome",58.63800928,-103.57646088,0,0,0
CJY9,"[s] La Loche Water Aerodrome",56.4866665,-109.419,0,0,0
CJZ6,"[s] Black Lake Water Aerodrome",59.1459,-105.54385,0,0,0
CJZ9,"[s] La Ronge Water Aerodrome",55.10161494,-105.28517273,0,0,0
CKB4,"[s] Otter Lake Water Aerodrome",55.6035,-104.7673,0,0,0
CKB5,"[s] Sandy Bay Water Aerodrome",55.5245,-102.3245,0,0,0
CKC2,"[s] Points North Water Aerodrome",58.26657426,-104.08228302,0,0,0
CKE4,"[s] Pelican Narrows Water Aerodrome",55.16502162,-102.9331238,0,0,0
CKG6,"[s] Uranium City Water Aerodrome",59.56414888,-108.60374986,0,0,0
CKP5,"[s] Southend Water Aerodrome",56.33875631,-103.28322846,0,0,0
CKU3,"[s] Nipawin Water Aerodrome",53.39645,-104.006825,0,0,0
CKW5,"[s] Stony Rapids Water Aerodrome",59.26039206,-105.83132587,0,0,0
CML1,"[s] Mcnamara Lake Pvt",49.41287175,-91.69272813,0,0,0
CN20,"[s] Ferndale Resort Seaplane Base (pvt)",39.03092842,-122.79357062,0,0,1322
CNC8,"[s] Temagami",47.06234519,-79.79195720,0,0,955
CND9,"[s] Portage Lake Floatbase",45.77518900,-80.24094000,0,0,696
CNH7,"[s] Trout Lake Floatplane",46.33111100,-79.40138900,0,0,663
CNQ7,"[s] Port Loring",45.89208400,-80.10400900,0,0,668
CNS2,"[s] Smoky Lake",45.85883500,-80.23504200,0,0,725
CPB6,"[s] Pointe Au Baril Station",45.53916800,-80.38747200,0,0,574
CPT7,"[s] Mattawa Waterdrome",46.31165200,-78.72384200,0,0,500
CS28,"[s] La Ronge Forest Service Base",55.17098587,-105.25577196,1,0,0
CSKC,"[s] Kingcome Hunting Lodge",51.2579805,-126.237417,0,0,465
CSR8,"[s] South River Sundridge Floatplane Base",45.83019400,-79.34730500,0,0,1132
CT16,"[s] Fetske",41.37509833,-72.37452862,0,0,0
CT30,"[s] Nayaug Seaplane Landing Area",41.63898805,-72.62814723,0,0,3
CT78,"[s] Lord Creek",41.35148722,-72.35508362,0,0,0
CT82,"[s] Quaddick Lake",41.95843111,-71.81673723,0,0,403
CT87,"[s] Bootleggers",41.99842944,-72.60592223,0,0,35
CTM2,"[s] Mine Landing",46.96036900,-80.02309500,0,0,955
CWB1,"[s] Wolseley Bay",46.10568400,-80.26443500,0,0,607
CXBB,"[s] Blubber Bay",49.79322120,-124.61444889,0,0,0
CYBH,"[s] Bull Harbor Spb",50.916303,-127.936739,0,0,0
CYDX,"[s] Doc Creek",52.059273,-128.11336,0,0,0
CYHC,"[s] Vancouver Harbour Water Airport",49.28638900,-123.11222200,0,0,0
CYIG,"[s] Big Bay",50.3864775,-125.150725,0,0,0
CYWH,"[s] Victoria Harbour",48.4240595,-123.3884805,0,0,0
CZSW,"[s] Seal Cove",54.33234700,-130.28246700,0,0,0
DE13,"[s] Rehoboth Bay",38.68622305,-75.08712528,0,0,0
E20,"[s] Lake Berryessa",38.5949923633333,-122.25624771,0,0,440
ES05,"[s] Mora/saxviken",60.98109400,14.57836100,0,0,531
ES06,"[s] Stockholm/kungshatt",59.30670500,17.87129800,0,0,0
ES07,"[s] Stockholm/hagernas",59.44087200,18.13503800,0,0,0
EXI,"[s] Excursion Inlet",58.42049861,-135.44903278,0,0,0
F57,"[s] Jack Browns",28.05724222,-81.75674556,0,0,140
FA02,"[s] Sanford",28.82526944,-81.27311973,0,0,48
FA05,"[s] Holiday Isle",24.93485444,-80.60089528,0,0,0
FA17,"[s] Kissimmee",28.2836225,-81.40895973,0,0,60
FA23,"[s] Lake Eustis",28.816935,-81.74992278,0,0,60
FD12,"[s] Toho",28.25029055,-81.39145945,0,0,80
FD79,"[s] Jordan",29.01414833,-81.97814056,0,0,56
FD80,"[s] Manatee",27.50586861,-82.98399612,0,0,7
FD98,"[s] Ferguson",28.71471805,-81.27006584,0,0,10
FL04,"[s] Pate Lake",30.692135,-85.75687584,0,0,90
FL26,"[s] Kitching Cove",27.25032361,-80.31643862,0,0,0
FL42,"[s] King Seaaero",28.03863166,-81.75369028,0,0,133
H11,"[s] Sunbury",40.91314166,-76.73302223,0,0,430
H63,"[s] Harlan County Lake Seaplane Base",40.04157113,-99.23318674,0,0,1974
HWI,"[s] Hawk Inlet",58.12744138,-134.75595306,0,0,0
HYL,"[s] Hollis",55.48158833,-132.64609417,0,0,0
I04,"[s] Quad-city",41.46003388,-90.49291084,0,0,560
ID28,"[s] Tanglefoot",48.53888888,-116.83222223,0,0,2438
IN59,"[s] Jerry W. Humphrey",37.94504333,-87.42445362,0,0,342
IS79,"[s] Graham",42.23668972,-88.35230806,0,0,890
K40,"[s] Anvik",62.65622388,-160.20544862,0,0,52
K45,"[s] Kuttawa Harbor",37.05361111,-88.09472223,0,0,359
KAE,"[s] Kake",56.97299638,-133.94561473,0,0,0
KBE,"[s] Bell Island Hot Springs",55.92907805,-131.57169056,0,0,0
KCC,"[s] Coffman Cove",56.00324444,-132.84196889,0,0,0
KCDD,"[s] Scotts",48.26657166,-92.48349112,0,0,1119
KCN,"[s] Chernofski Harbor",53.39911444,-167.5519,0,0,0
KIB,"[s] Ivanof Bay",55.89753333,-159.48866889,0,0,0
KKB,"[s] Kitoi Bay",58.19094611,-152.3704875,0,0,0
KKI,"[s] Akiachak",60.901555235,-161.44074924,0,0,0
KKL,"[s] Karluk Lake",57.36703583,-154.02759112,0,0,368
KKPB,"[s] Point Baker",56.35185972,-133.62258639,0,0,0
KMY,"[s] Moser Bay",57.02558555,-154.14591862,0,0,0
KOY,"[s] Olga Bay",57.1614525,-154.22979334,0,0,0
KPH,"[s] Pauloff Harbor",54.45912027,-162.69364056,0,0,0
KPR,"[s] Port Williams",58.49013694,-152.58216501,0,0,0
KPY,"[s] Port Bailey",57.93011111,-153.04055917,0,0,0
KQA,"[s] Akutan",54.13246694,-165.78531112,0,0,0
KTB,"[s] Thorne Bay",55.68796194,-132.53667584,0,0,0
KVU,"[s] Korolevu",-18.21460803,177.72682680,0,0,0
KWF,"[s] Waterfall",55.29632277,-133.24333584,0,0,0
KWK,"[s] Kwigillingok",59.836725,-163.14033528,0,0,0
KWP,"[s] West Point Village",57.77010944,-153.54894806,0,0,0
KXA,"[s] Kasaan",55.53741388,-132.39751445,0,0,0
L85,"[s] Mackeys Lakes",60.53361111,-150.99555556,0,0,175
LA16,"[s] Charlie Hammonds",29.5835475,-90.71675695,0,0,5
LA64,"[s] Bayou Boeuf",29.68354194,-91.10010028,0,0,2
LEPO,"[s] Pollensa",39.90845473,3.1023977,1,0,0
LFGC,"[s] Neuhof",48.55615500,7.78105000,2,0,456
LFQY,"[s] Steinbourg",48.75522100,7.42236200,1,0,626
M00,"[s] Augusta",44.26756888,-69.78171112,0,0,23
M14,"[s] Mals Serpent Lake",46.47412833,-93.91859251,0,0,1246
M47,"[s] Fife Lake",44.5675,-85.34416667,0,0,325
M49,"[s] Jolly Fisherman",47.143015,-95.52891834,0,0,1499
M57,"[s] Rangeley Lake",44.95330555,-70.66306944,0,0,1518
M69,"[s] Birch Lake",46.36968055,-93.81386667,0,0,1278
MA01,"[s] Monponsett Pond",42.00982388,-70.84309584,0,0,52
MA06,"[s] Merrimack Valley",42.70009055,-71.21617028,0,0,50
MA12,"[s] Middle Pond",41.66899999,-70.41752778,0,0,44
MA25,"[s] Long Pond",41.73205444,-70.06112862,0,0,31
MA36,"[s] Woods Hole Oceanographic Inst",41.51677555,-70.66614084,0,0,5
MA65,"[s] Island Air Service",41.77176944,-70.87309417,0,0,53
MA74,"[s] Larsons",42.69147861,-71.41811945,0,0,90
MA78,"[s] Russell Mill Pond",41.91788138,-70.62781139,0,0,55
MA82,"[s] Westport",41.64926916,-71.12587723,0,0,131
MA87,"[s] Horseneck",41.50982638,-71.03809556,0,0,0
MD80,"[s] Clements Creek",39.02122194,-76.52274,0,0,0
ME01,"[s] Crescent Lake",43.95701777,-70.46255612,0,0,278
ME04,"[s] Ilco Landing Area",46.60947527,-69.53061167,0,0,1031
ME09,"[s] Panther Pond",43.93007416,-70.45311112,0,0,277
ME11,"[s] Cooper",44.34229,-70.28783556,0,0,373
ME12,"[s] Brettuns Pond",44.38784444,-70.25450251,0,0,400
ME27,"[s] Double A",44.90090222,-68.80225834,0,0,115
ME30,"[s] Greenville Forestry",45.46676722,-69.59946612,0,0,1028
ME43,"[s] Sand Bar",43.85202055,-70.42727612,0,0,285
ME50,"[s] Cross Lake",47.13392916,-68.33448389,0,0,578
ME51,"[s] Douglass",43.73702222,-70.61061195,0,0,270
ME63,"[s] Fowler",44.30729111,-69.94282751,0,0,170
ME67,"[s] Wesserunsett Spb & Ice",44.84228194,-69.76949778,0,0,335
ME80,"[s] Dry Pond",43.93388888,-70.35638889,0,0,309
ME90,"[s] Little Ossipee Lake",43.61313527,-70.69644639,0,0,311
MI03,"[s] Read",46.16888888,-85.79361112,0,0,692
MN03,"[s] Bolduc",47.59771472,-93.41074806,0,0,1325
MN05,"[s] Jordan",47.59717527,-94.84693639,0,0,1344
MN09,"[s] Crystal Lake",44.72218666,-93.26688834,0,0,935
MN21,"[s] Rileys Landing",44.83329611,-93.53356556,0,0,860
MN29,"[s] Buffalo Lake",45.16218611,-93.91080612,0,0,915
MN30,"[s] Buschs Fish Lake",45.09413083,-93.4652325,0,0,870
MN35,"[s] Wild Rice Lake",46.89993805,-92.1621325,0,0,1380
MN36,"[s] Burns Lake",47.62355277,-93.61047556,0,0,1357
MN72,"[s] Peils Vermillion Wings",47.88547055,-92.40516028,0,0,1360
MN73,"[s] Snells",47.64722222,-93.74500001,0,0,1351
MN78,"[s] Turtle Lake",47.61662027,-94.86693695,0,0,1344
MN80,"[s] The Pass",44.91436805,-93.68853362,0,0,930
MO07,"[s] Bagnell",38.2000325,-92.61685167,0,0,659
MT92,"[s] Daves Landing",47.59027777,-115.33737473,0,0,2395
MY21,"[s] Kollars Shoreview Marine",45.03329888,-93.12522084,0,0,886
MY22,"[s] Hazelglade Resort",46.14162277,-93.52107278,0,0,1250
MY23,"[s] Andings Landing",44.88051833,-93.60856889,0,0,942
MY31,"[s] Shaughnessy",47.41799388,-93.38408889,0,0,1300
MY32,"[s] Rosackers Nr 2",46.36440444,-93.85997889,0,0,1261
MY33,"[s] Rosackers Nr 1",45.07691,-93.20439084,0,0,865
MY34,"[s] Jorgensens Landing",44.73940805,-93.39578195,0,0,898
MY36,"[s] Fudpucker International",44.90829611,-93.58356834,0,0,930
MY38,"[s] Irons Point",47.84325027,-92.35071639,0,0,1358
MY48,"[s] Lake Fremont",45.45746527,-93.57829473,0,0,974
MY73,"[s] Lake Pulaski",45.198575,-93.84469334,0,0,958
MY74,"[s] Browns Base South - Reshanau Lake",45.15607722,-93.09133223,0,0,885
MY83,"[s] Safe Air",46.98662194,-94.12441417,0,0,1306
MY96,"[s] Quist",44.41666666,-93.33083334,0,0,1004
NFCS,"[s] Castaway",-17.73256993,177.12832296,0,0,0
NH36,"[s] Arthurs",43.62702083,-71.34451528,0,0,504
NH37,"[s] Breaults River Side",43.07036083,-71.46506806,0,0,190
NH64,"[s] Pow-wow",42.91119944,-71.03408528,0,0,116
NH71,"[s] Loons Nest",43.63868777,-71.32312584,0,0,504
NJ07,"[s] Newport Meadows",39.43344638,-75.40241806,0,0,0
NK13,"[s] Snyders Lake",42.65841249,-73.63845028,0,0,488
NK30,"[s] Private Sealanes-jamaica Bay",40.55566111,-73.88569139,0,0,0
NK59,"[s] Copake Lake",42.14314527,-73.59123223,0,0,715
NK60,"[s] Bostrups Landing",43.48478944,-74.35180945,0,0,1725
NY47,"[s] Rouses Point",44.99170555,-73.36346667,0,0,95
NY61,"[s] Eagle Nest",43.82978583,-74.49543889,0,0,1790
O06,"[s] Lake Oroville Landing Area",39.56655277,-121.46774584,0,0,900
O12,"[s] Grand Lake St Marys",40.54101944,-84.490675,0,0,871
OOH,"[s] Hoonah",58.11215944,-135.45180501,0,0,0
ORV,"[s] Noorvik Spb",66.83521800,-161.04707800,0,0,0
PA90,"[s] Flat Rock",40.05622194,-75.26656973,0,0,40
PAAM,"[s] Saginaw",56.88633222,-134.15838778,0,0,0
PAAP,"[s] Port Alexander",56.24684222,-134.64815389,0,0,0
PABP,"[s] Yes Bay Lodge",55.91630138,-131.80113362,0,0,0
PAEL,"[s] Elfin Cove",58.19518416,-136.34739278,0,0,0
PAFK,"[s] Farewell Lake",62.54245388,-153.62251001,0,0,1052
PAGN,"[s] Angoon",57.50355527,-134.58509389,0,0,0
PAHY,"[s] Hydaburg",55.20631611,-132.82831306,0,0,0
PALH,"[s] Lake Hood",61.18000361,-149.97193223,0,0,71
PAMM,"[s] Metlakatla",55.13104527,-131.57806751,0,0,0
PANR,"[s] Funter Bay",58.25438583,-134.89790667,0,0,0
PAQC,"[s] Klawock",55.5546575,-133.10169278,0,0,0
PEC,"[s] Pelican",57.95517222,-136.23627334,0,0,0
PN19,"[s] Hunts Cove",41.145895,-79.68727139,0,0,840
PN24,"[s] Snider",40.68339833,-79.66643667,0,0,755
PN65,"[s] Deer Lakes",40.63756583,-79.69421417,0,0,745
PR03,"[s] Fajardo Harbor",18.339675,-65.62460584,0,0,0
PS88,"[s] Kikkatuck Ii",40.65006555,-79.69143667,0,0,745
PWR,"[s] Port Walter",56.38101722,-134.65093112,0,0,0
PYL,"[s] Perry Island",60.68528694,-147.91873612,0,0,0
Q83,"[s] Bridge Bay Resort",40.75765,-122.32334028,0,0,1065
Q86,"[s] Tuna Works At Hog Island Oyster Farm",38.16753524,-122.90845533,0,0,0
Q87,"[s] Lost Isle",38.00408888,-121.4566175,0,0,0
QAHO,"[s] Kamohio Bay",20.51248700,-156.59950300,0,0,0
QANA,"[s] Anahola Bay",22.16348500,-159.30136100,0,0,0
QEVG,"[s] Everglades Fishing",25.33136,-81.072021,0,0,0
QFFS,"[s] French Frigate Seaport",23.87254000,-166.27159100,0,0,0
QHNA,"[s] Hana Seaplanes",20.81555400,-156.00926200,0,0,0
QILO,"[s] Hilo Seaport",19.739723,-155.078049,0,0,0
QJON,"[s] Johnston Atoll Seabase",16.72161900,-169.51637300,0,0,0
QKKI,"[s] Kaalaiki Harbor",19.07905400,-155.54487600,0,0,0
QKRE,"[s] Kure Island Seaport",28.403343,-178.306946,0,0,0
QLAN,"[s] Manele Harbor",20.73774300,-156.89796400,0,0,0
QLEH,"[s] Lehua",22.02677900,-160.09651200,0,0,0
QLHA,"[s] Lahaina Harbor",20.86004400,-156.66465800,0,0,0
QLTO,"[s] Lake Tahoe Landing Zone",39.17408400,-120.03065500,0,0,6224
QMDY,"[s] Midway Atoll Seaport",28.211166,-177.355026,0,0,0
QOHE,"[s] Kaneohe Bay",21.452433,-157.799881,0,0,0
QONA,"[s] Kailua Bay",19.529709,-155.969055,0,0,0
QPAP,"[s] Kalaupapa Harbor",21.21974,-156.982483,0,0,0
QPHB,"[s] Pearl Harbor",21.31031600,-157.97001600,0,0,0
QPLM,"[s] Palmyra Seaport",5.89699,-162.072769,0,0,0
QPUU,"[s] Puuwai",21.90611300,-160.21511800,0,0,0
QPYM,"[s] Pyramid Lake Landing Zone",39.91520300,-119.48312400,0,0,3799
QPYN,"[s] Pyramid Lake Landing Zone (needles)",40.18626800,-119.60140200,0,0,3799
QULA,"[s] Kaula Island",21.65786400,-160.54673800,0,0,0
QWLK,"[s] Walker Lake Landing Zone",38.68888100,-118.71194500,0,0,3996
QXMS,"[s] Christmas Island Seaport",1.98093300,-157.33760100,0,0,0
QZFJ,"[s] Fort Jefferson Landing Zone",24.56979800,-82.10723900,0,0,0
RI06,"[s] Tiverton",41.64815805,-71.15393362,0,0,205
S60,"[s] Kenmore Air Harbor Inc",47.75482,-122.25929306,0,0,14
SCAH,"[s] Horne Lake",49.34057647,-124.73889022,0,0,387
SCGR,"[s] Gold River",49.6666305,-126.140528,0,0,0
SD50,"[s] East Dakota Flying Club",43.96525,-97.02978056,0,0,1600
SP00,"[s] Great Central Lake",49.33837500,-125.07537100,0,0,269
SP01,"[s] S.f. Bay Landing Zone",37.82640800,-122.36617300,0,0,0
SP02,"[s] North Island Harbor",32.667,-117.214989,0,0,0
SP03,"[s] Big Dukes Harbor",28.539043,-96.48745,0,0,0
SP04,"[s] Barataria Bay",29.3883,-89.875229,0,0,0
SP05,"[s] Tranquility Bay",26.64982400,-82.09152200,0,0,0
SP06,"[s] Vilo Acuna",21.650784,-81.536034,0,0,0
SP07,"[s] Gerrard Smith Bay",19.66713,-79.880981,0,0,0
SP08,"[s] Norman Manley Harbor",17.95153,-76.792686,0,0,0
SP09,"[s] Jeremie Harbor",18.685123,-74.146339,0,0,0
SP10,"[s] Reina Beatrix Harbor",12.486597,-70.041466,0,0,0
SP11,"[s] Curacao Harbor",12.219999,-68.974457,0,0,0
SP12,"[s] Piarco Harbor",10.58447,-61.504429,0,0,0
SP13,"[s] Crown Point Harbor",11.123844,-60.834507,0,0,0
SP14,"[s] Point Salines Harbor",12.023151,-61.81131,0,0,0
SP15,"[s] E T Joshua Harbor",13.111917,-61.215363,0,0,0
SP16,"[s] George F L Charles Harbor",14.049469,-60.989037,0,0,0
SP17,"[s] Le Lamentin Harbor",14.561385,-61.030357,0,0,0
SP18,"[s] Le Raizet Harbor",16.217129,-61.545643,0,0,0
SP19,"[s] Princess Juliana Harbor",18.023657,-63.143559,0,0,0
SP20,"[s] Arroyo Barril Harbor",19.174044,-69.432617,0,0,0
SP21,"[s] South Caicos Harbor",21.546812,-71.529716,0,0,0
SP22,"[s] Mayaguana Harbor",22.337482,-73.015648,0,0,0
SP23,"[s] Colonel Hill Harbor",22.775961,-74.18026,0,0,0
SP24,"[s] Deadmans Cay Harbor",23.195213,-75.058052,0,0,0
SP25,"[s] Andros Town Harbor",24.710863,-77.739105,0,0,0
SP26,"[s] Sandy Point Harbor",26.032555,-77.376396,0,0,0
SP27,"[s] West End Harbor",26.655958,-78.977776,0,0,0
SPRH,"[s] Prince Rupert Harbor",54.288648,-130.3617,0,0,0
SYBD,"[s] Butedale Spb",53.1662185,-128.6876955,0,0,0
SYPW,"[s] Prince Rupert Downtown",54.308217,-130.348541,0,0,0
SYRI,"[s] Rivers Inlet Spb",51.6823855,-127.2789255,0,0,0
T38,"[s] Homewood",39.101677,-120.137894,0,0,6227
TKE,"[s] Tenakee",57.77965833,-135.21844389,0,0,0
TKL,"[s] Taku Lodge",58.48968305,-133.94342112,0,0,0
TLG1,"[s] Tulagi",-9.10136070,160.15047554,0,0,0
TTL,"[s] Turtle Island",-16.93293177,177.36008895,0,0,0
VA48,"[s] Lockerman",37.03819944,-79.59614028,0,0,795
VT57,"[s] Malletts Head",44.56060277,-73.24040667,0,0,95
VT58,"[s] Stave Island",44.59587916,-73.34763167,0,0,95
W26,"[s] Foxair",44.49888111,-88.02232584,0,0,580
W36,"[s] Will Rogers Wiley Post Meml",47.50691017,-122.22307363,0,0,14
W37,"[s] American Lake",47.14148666,-122.56095889,0,0,235
W49,"[s] Rosario",48.64565916,-122.86796056,0,0,0
W55,"[s] Kenmore Air Harbor",47.62898694,-122.33873778,0,0,14
WA03,"[s] Skyline",48.48315833,-122.68461806,0,0,0
WA07,"[s] Floathaven",48.72816638,-122.33599639,0,0,307
WA39,"[s] Roche Harbor",48.60815472,-123.15963139,0,0,0
WA83,"[s] Westsound Wsx",48.61788,-122.95268223,0,0,0
WI27,"[s] Franks",45.88328555,-90.00015473,0,0,1650
WI35,"[s] Ceder Lake",45.21579833,-92.5727,0,0,917
WN19,"[s] Gig Harbor",47.33981916,-122.59013001,0,0,0
WN66,"[s] Cranberry International",45.85134194,-89.45124917,0,0,1605
WS01,"[s] Archies",42.73750861,-89.07094584,0,0,768
WS24,"[s] Round Lake",46.00689944,-91.31045112,0,0,1346
WSB,"[s] Steamboat Bay",55.52963861,-133.64169723,0,0,0
WSJ,"[s] San Juan Uganik",57.73037444,-153.32059723,0,0,0
WV35,"[s] Pomeroy-mason",39.02230027,-82.02347362,0,0,538
WV37,"[s] New Martinsville",39.63591,-80.87037778,0,0,602
WV38,"[s] West Parkersburg",39.26535277,-81.58595889,0,0,582
WV39,"[s] Ravenswood",38.952025,-81.77318723,0,0,560
WV40,"[s] St Marys",39.41368611,-81.199835,0,0,587
WV41,"[s] East Liverpool",40.62923138,-80.52479028,0,0,665
WV42,"[s] Weirton - Steubenville",40.39784555,-80.62201834,0,0,644
WV43,"[s] Warwood - Martins Ferry",40.09312777,-80.71785889,0,0,623
WV44,"[s] Moundsville",39.92924111,-80.76508612,0,0,623
WV46,"[s] Wellsburg",40.26784777,-80.61729695,0,0,644
WWT,"[s] Newtok Spb",60.926356,-164.62826515,0,0,10
X66,"[s] Charlotte Amalie Harbor",18.33956700,-64.94069700,0,0,0
X67,"[s] Christiansted Harbor Ssb",17.76181200,-64.68754600,0,0,0
X96,"[s] Cruz Bay",18.336901,-64.799583,0,0,0
XSA,"[s] Sinoe",50.6398585,-127.036172,0,0,0
XXEI,"[s] Egg Island",63.60297700,-161.75195700,0,0,0
XXME,"[s] Merrill Pass East Base",61.17695300,-152.99042900,0,0,1230
XXMW,"[s] Merrill Pass West Base",61.11956600,-153.82799100,0,0,1131
YAIN,"[s] Agincourt North",-15.95664546,145.82364462,0,0,0
YAIS,"[s] Agincourt South",-16.0355684,145.83454176,0,0,0
YARF,"[s] Arlington Reef",-16.68669712,146.07681189,0,0,0
YBAT,"[s] Batt Reef",-16.41687977,145.76665532,0,0,0
YBDA,"[s] Bedarra Island",-18.00163951,146.14505484,0,0,0
YBEX,"[s] Bedout Island",-19.58326795,119.09987477,0,0,0
YBVR,"[s] Beaver Reef",-17.84117711,146.48794808,0,0,0
YBWK,"[s] Bawaka",-12.53314300,136.76339500,0,0,0
YBWS,"[s] Browse Island",-14.10958400,123.54916300,0,0,0
YCGP,"[s] Cottage Pt",-33.617722,151.198433,0,0,0
YCON,"[s] Cone Bay",-16.49139006,123.525888,0,0,0
YCRE,"[s] Cardwell",-18.27022631,146.03933419,0,0,0
YCTB,"[s] Cape Tribulation",-16.08096897,145.47265798,1,0,0
YDDI,"[s] Day Dream Island",-20.25773603,148.815243,0,0,0
YDHM,"[s] Denham",-25.93163176,113.53497016,0,0,0
YDOL,"[s] Dholtji",-11.94802400,136.46153600,0,0,0
YDRY,"[s] Drysdale Island",-11.64126291,136.031418,0,0,0
YEST,"[s] Esperance Town",-33.866257,121.90017898,0,0,0
YFLF,"[s] Flora Reef",-17.18832867,146.30272442,0,0,0
YFLY,"[s] Flynn Reef",-16.72994573,146.26702143,0,0,0
YFRA,"[s] Frankland Island",-17.21674745,146.08355020,0,0,0
YGN,"[s] Greenway Sound",50.852272,-126.8731775,0,0,0
YGNI,"[s] Green Island",-16.75802747,145.97503839,0,0,0
YGUU,"[s] Gulurrunga",-12.49459977,136.78242497,0,0,0
YHC,"[s] Hakai Pass Spb",51.74907329,-128.10466371,0,0,0
YHED,"[s] Hedley Reef",-17.25008829,146.45002447,0,0,0
YHOW,"[s] Howey Reef",-17.42842458,146.41186373,0,0,0
YHPB,"[s] Happy Bay",-20.33457200,148.84942600,0,0,0
YHRN,"[s] Heron Island",-23.44392800,151.90708931,0,0,0
YHSR,"[s] Hastings Reef",-16.51648129,146.01684533,0,0,0
YHYN,"[s] Hayman Island",-20.06155500,148.88197200,0,0,0
YJEB,"[s] Jenson Bay",-11.17353900,136.70291100,0,0,0
YKRI,"[s] Kuri Bay",-15.48868028,124.54893711,0,0,0
YKT,"[s] Klemtu Spb",52.613823,-128.523664,0,0,0
YLMI,"[s] Lady Musgrave Island",-23.90638200,152.39507500,0,0,0
YMBS,"[s] Montebello Island",-20.45438900,115.52871100,0,0,0
YMCY,"[s] Michaelmas Cay",-16.60597900,145.97394300,0,0,0
YMID,"[s] Middle Cay",-16.65753700,145.99037100,0,0,0
YMIE,"[s] Milne Reef",-16.78178792,146.27151352,0,0,0
YMKH,"[s] Mackay Harbour",-21.14081700,149.19236000,0,0,0
YMRR,"[s] Moore Reef",-16.88846563,146.19142958,0,0,0
YMSD,"[s] Mallison Island",-12.19466200,136.13043800,0,0,0
YNBY,"[s] Knocker Bay",-11.32935700,132.10367400,0,0,0
YNOI,"[s] North Island (nt)",-15.53836500,136.85269400,0,0,0
YNOM,"[s] Norman Reef",-16.42501458,145.99075346,0,0,0
YOPH,"[s] Orpheus Island",-18.63311781,146.494377,0,0,0
YOPY,"[s] Osprey Reef",-13.91666838,146.61695152,0,0,0
YOSI,"[s] Osborne Island",-14.33700500,126.03752100,0,0,0
YOYS,"[s] Oyster Reef",-16.63316631,145.93334382,0,0,0
YPAU,"[s] St Pauls",-10.19070000,142.33440300,0,0,0
YPAW,"[s] Paradise Waters Qld",-27.98196000,153.41890200,0,0,0
YPBM,"[s] Port Bremmer",-11.22005100,132.26933800,0,0,0
YPBY,"[s] Palm Bay",-20.34400800,148.84899100,0,0,0
YPLB,"[s] Palm Beach",-33.58710900,151.32418200,0,0,0
YPSB,"[s] Punosand Bay",-10.72075500,142.46379500,0,0,0
YPTD,"[s] Port Douglas",-16.48134272,145.46096006,0,0,0
YRAP,"[s] Raddison Pier",-16.91945800,145.78080700,0,0,0
YRAY,"[s] Rose Bay",-33.87015880,151.26317215,0,0,0
YRMA,"[s] Rosemarys Anchorage",-20.50901700,116.68267900,0,0,0
YROD,"[s] Round Hill Island",-13.31175500,136.09200200,0,0,0
YRPT,"[s] Rankin Point",-12.68334600,130.58507000,0,0,0
YSAY,"[s] Sand Cay",-15.90853713,146.79836403,0,0,0
YSEI,"[s] Seisia",-10.84694800,142.36628500,0,0,0
YSEZ,"[s] Saumarez Reef",-21.85677455,153.64643186,0,0,0
YSHS,"[s] Stenhouse Bay",-35.27834600,136.94188000,0,0,0
YSML,"[s] South Molle Island",-20.25545368,148.83643552,0,0,0
YSMP,"[s] Smith Pt",-11.15528700,132.14579100,0,0,0
YSND,"[s] Snapper Island",-16.29315200,145.49638000,0,0,0
YSTI,"[s] Stephens Island",-9.50828800,143.54643900,0,0,0
YSUD,"[s] Sudbury Reef",-17.04537397,146.23140878,0,0,0
YSYY,"[s] Sandy Cay",-16.65751800,145.99041300,0,0,0
YTB,"[s] Hartley Bay Spb",53.4167125,-129.2442005,0,0,0
YTBY,"[s] Talbot Bay",-16.34391200,123.91027000,0,0,0
YTFR,"[s] Tinaroo Falls Reservoir",-17.17101900,145.54824200,0,0,2208
YTG,"[s] Sullivan Bay",50.88849565,-126.829051,0,0,0
YTHO,"[s] Thomason",-12.95239900,130.24077500,0,0,0
YTND,"[s] Townsend Island",-22.30256800,150.49313500,0,0,0
YTRI,"[s] Trinity Inlet",-16.91636408,145.78237694,0,0,0
YUPC,"[s] Upolu Cay",-16.68316668,145.93875814,0,0,0
YVAN,"[s] Vansittart Bay",-14.00039000,126.12830700,0,0,0
YVND,"[s] Booby Island",-10.60512184,141.90820879,0,0,0
YWHN,"[s] Whitehaven",-20.27787500,149.03557200,0,0,0
YWLD,"[s] Willis Island",-16.28814000,149.96524700,0,0,0
YWTE,"[s] White Tip Reef",-19.91651996,150.23346482,0,0,0
YWTI,"[s] Walcott Inlet",-16.38298499,124.48339757,0,0,0
YYDY,"[s] Yuduyudu",-12.23014800,136.63659000,0,0,0
Z20,"[s] Tuntutuliak Spb",60.34041624,-162.663723616667,0,0,0
Z33,"[s] Aleknagik",59.27397805,-158.62358917,0,0,7
Z43,"[s] Tamgas Harbor",55.06799222,-131.55695473,0,0,0
Z58,"[s] Hangar Lake Spb",60.80061187,-161.72740463,0,0,10
Z59,"[s] Bethel Spb",60.78706474,-161.75521928,0,0,0
Z71,"[s] Cape Pole",55.96629,-133.79672112,0,0,0
Z78,"[s] Chignik Bay",56.29561055,-158.40147973,0,0,0
Z87,"[s] Blinn Lake",55.25162722,-162.75340445,0,0,50
ZNU,"[s] Namu Spb",51.84477329,-127.87740632,0,0,0
ZOF,"[s] Ocean Falls Spb",52.34806244,-127.69314139,0,0,0
